ordering,Category,icon,url,title,Description,Installations,Score
0,Drawing and colouring,https://play-lh.googleusercontent.com/p7PG8fih_pKYrhUGUbflyihK8LmTqil066RhPNjOTt-TRr9YAYwvAK8OGEob76kEbWY,https://play.google.com/store/apps/details?id=com.orange.coloring.learn.kids&hl=en&gl=uk,Coloring & Learn,"""Coloring and Learn"" is an realistic coloring game with more than 250 pages with educational content and many more activities for all ages!.

""Free mode"": now you can freely draw, doodle, color and unleash your imagination.

""Glow coloring mode""...",100000000,4.01
2,Drawing and colouring,https://play-lh.googleusercontent.com/WLUYbL8tOx24Zyzy19F4QPr7cv4LILuGQqfRFrhxrm4OYVAihFGAyGjjWTYTZiB3pSA,https://play.google.com/store/apps/details?id=com.forqan.tech.PrincessColoring&hl=en&gl=uk,Princess Coloring Book Glitter & Girls Dress Up,"""Free paint & coloring game, one of the TOP 5 worldwide apps of ""Coloring & Drawing for Kids"" for 2020!
Cool and cute princess coloring book, with 50+ amazing pictures of princesses, fairy-tales, queens, unicorns, and much more FREE educational cont...",50000000,3.85
4,Drawing and colouring,https://play-lh.googleusercontent.com/YGlcya--Hc0xTHTBrS-FB4JJauKn3frAUsJEZA2LkO3IypuRX4-o9NnoxGN_gQYpjdg,https://play.google.com/store/apps/details?id=com.doodlejoy.studio.kidsdoojoy&hl=en&gl=uk,Kids Doodle - Color & Draw Free Game,"Kids Doodle, the BEST android drawing app for kids!

Kids Doodle is particularly designed for kids with super easy-to-use painting on photo or canvas.

It has endless bright colors and 24 beautiful brushes, such as glow, neon, rainbow, crayon an...",50000000,4.21
6,Drawing and colouring,https://play-lh.googleusercontent.com/zEeVdf2QNSOGP5b_koYGD72o_LB5uLdABUoBvYSxNiPZjVRwcxF2j2a_e8c5KGgpKxk,https://play.google.com/store/apps/details?id=com.rvappstudios.kids.coloring.book.color.painting&hl=en&gl=uk,"Coloring Games: Coloring Book, Painting, Glow Draw","Kids love fun coloring games, and this Coloring Game is one of the best free coloring book and painting apps for children!

Coloring Games is filled with fun, colorful, and creative drawing and painting tools that help kids of all ages enjoy creati...",50000000,3.9
8,Drawing and colouring,https://play-lh.googleusercontent.com/Ctc6gxEuFdVzkAyrFtGRW429r6zVehCZFJfQVuIsPAMooiidAIOuzzIiE7DKva9XmgUW,https://play.google.com/store/apps/details?id=com.binibambini.MiniLite&hl=en&gl=uk,Bini Drawing for kids games,"Painting games for kids üé® are great learning apps for children, where kids paint and color colorful drawings come to life in fun games for kids. Drawings turn into mini-cartoonsüé®

üß©This is a real collection of more than 100 tasks in which the kid d...",10000000,4.04
0,Simple puzzles,https://play-lh.googleusercontent.com/xU46slB8LX-vtvSanMcEUlDpsWLqvV8xWdBdlwczk90i4Ezl95kFdNBuJLif2Ip5374,https://play.google.com/store/apps/details?id=se.appfamily.superpuzzlefree&hl=en&gl=uk,Kids Animals Jigsaw Puzzles,"If you or your children like jigsaw puzzles, you will LOVE Super Puzzle!

This game works almost like a real jigsaw puzzle for kids. When you select a piece it stays on the board even if you place it incorrectly, and you can move the piece until it...",10000000,4.65
2,Simple puzzles,https://play-lh.googleusercontent.com/eL63mjkK7x7TExH0pli2OBV0jpYsh1lowPCNv66FCWeYgg5dg4n1YFRkpnHYXc2V3PtE,https://play.google.com/store/apps/details?id=net.cleverbit.SafariPuzzles&hl=en&gl=uk,Kids Puzzles,"The ""Funny animals"" Kids‚Äô Puzzles is an educational game for kids from 1 year old and for children aged 2-4.

It‚Äôs a funny jigsaw puzzle game for toddlers who are expected to put together animal puzzle pieces  listening to animal sounds, pop balloo...",10000000,3.9
4,Simple puzzles,https://play-lh.googleusercontent.com/2ZmnyT_uL-VU3-7rnC0kBCcwWCpY4uluDJ_7O0QpaKDSRWMdacwz0zULIkLCvfUmvRA,https://play.google.com/store/apps/details?id=net.cleverbit.PuzzlesForKids&hl=en&gl=uk,Baby Puzzles for Kids,"""Funny animals"" baby puzzles for kids is a free jigsaw puzzle game that helps your kids to develop the cognitive, tactile and fine motor skills while playing different animal puzzles.

This colorful Montessori game brings your kid from 2 to 3 years...",5000000,4.46
6,Simple puzzles,https://play-lh.googleusercontent.com/dC2OAgpZemLDRX41NO_LC7pmyiNGWafK-rBq0jbjpjpxGzRZpnDQwMACRlXSri5a8iw,https://play.google.com/store/apps/details?id=se.appfamily.puzzle.dinosaurs.free&hl=en&gl=uk,Dinosaurs Jigsaw Puzzles Game,"If you or your kids like dinosaur games and jigsaw puzzles, they will LOVE this puzzle filled with cool dino pictures!

In this relaxing puzzle game for kids and adults you can choose whether to use 6, 9, 12, 16, 30 or 56 pieces, adjusting the diff...",5000000,4.33
8,Simple puzzles,https://play-lh.googleusercontent.com/BbtSsFFdMF03rckllTvKE816Uz0v40UcTYISdQM8jmSrqohdEU2Fj6Wl0j3BQjab,https://play.google.com/store/apps/details?id=net.cleverbit.DinoPuzzles&hl=en&gl=uk,Dino Puzzle,"""Funny Dinosaurs"" is an educational jigsaw puzzle game for kids 3, 4, 5 years old and even for toddlers from 1-2 year old.

These bright kids puzzles bring your child into amazing dinosaur world. Your kid will assemble the cartoon dino puzzles, lea...",5000000,4.21
0,Literacy - English / ABCs,https://play-lh.googleusercontent.com/R0vKLbA__RE4UxAUAw3eUVZ0dnEWQN93bcqMctRlNj3lHmkye-0NLlFz-l3bqLDHElc,https://play.google.com/store/apps/details?id=es.monkimun.lingokids&hl=en&gl=uk,Lingokids - kids playlearning‚Ñ¢,"Lingokids is the playlearning‚Ñ¢ app : Our games invite your child to practice their 21st-century skills: creativity, collaboration, critical thinking and communication. Your child will also  practice over 3000 new words and can learn about 60 differen...",10000000,4.11
2,Literacy - English / ABCs,https://play-lh.googleusercontent.com/emeXZkYGCpoOYmCrdOJRX_tqTL0cILzULBW8zZhxK7TWc4J0TMaeHJGAZPER4CACFHE,https://play.google.com/store/apps/details?id=com.mjplus.learnarabic&hl=en&gl=uk,Learn Alphabet ABC & Numbers & Games for Kids,Prepare kids in different ages for preschool and kindergarten by teaching them in a fun and simple way the basics such as alphabets and numbers to help the child ease their educational understanding and expand their knowledge horizon with 3 different...,10000000,4.3
4,Literacy - English / ABCs,https://play-lh.googleusercontent.com/y3xFoUhDi54rKhRSW7CA4pzvGmKn_3nMCDNWIRGb2YOuibj87hu-C8tiXhar0-ZetMA,https://play.google.com/store/apps/details?id=com.gamesforkids.preschoolworksheets.alphabets&hl=en&gl=uk,ABC PreSchool Kids Tracing & Phonics Learning Game,"ABC PreSchool Kids Tracing & Phonics Learning game (350+ Worksheets) is an educational app to help your toddler learn basic tracing starting from lines, phonics and trace the letters of the alphabet ABCs and numbers 1 to 10, shapes & colors. ABC Pres...",10000000,3.97
6,Literacy - English / ABCs,https://play-lh.googleusercontent.com/ZOA8PEBB0Cgc_m9vnBbds_xW6ShVef16ln7Ct6cq5IxgrEuYfwlS61tLx4xmopRAClc,https://play.google.com/store/apps/details?id=ai.mybuddy.talkingflashcards_new&hl=en&gl=uk,Buddy.ai: English for kids,"Meet Buddy, the voice-based virtual English tutor for children ages 4-10. Buddy teaches kids to speak English using unique speech technology and game-like lessons and activities.

 Speak Spanish, Portuguese, Russian, Turkish, and Polish easily
I...",10000000,4.49
8,Literacy - English / ABCs,https://play-lh.googleusercontent.com/B1dyJrNuCfAtE9uwsYSjaoi8sr-ACx15kjK2gbSbCPboCua9LnRcRXkrv1d0FZRD5DI,https://play.google.com/store/apps/details?id=com.binibambini.abc&hl=en&gl=uk,Bini ABC games for kids!,"Bini Super ABC for kids is where your child can play letter games for kids and learning games for toddlers to learn letters. Let‚Äôs get this alphabet game started!

Alphabet games like those in the Bini super ABC app with super baby letters help you...",10000000,4.07
0,Literacy - English / Reading and Stories,https://play-lh.googleusercontent.com/v50zN_2wAEaFrfkDbhAIOt63lKGUc78UeTkYeXKPEaw0BuLDOpf4rZwJfIiCi9tpCw,https://play.google.com/store/apps/details?id=com.getepic.Epic&hl=en&gl=uk,Epic: Kids' Books & Reading,"A leading digital reading platform, Epic offers a fun, safe and enriching space loved by kids, parents and teachers. Kids are able to read on their own at any level, and parents and teachers can track kids‚Äô reading activity and send kudos to keep the...",5000000,4.25
2,Literacy - English / Reading and Stories,https://play-lh.googleusercontent.com/cuPspMyhInYWcySfgjwLBbLmnR-3rJG-bSk8MRojA_LqI02XQjbX8Dk1hzCupwxlOFak,https://play.google.com/store/apps/details?id=air.uk.co.bbc.cbeebiesstorytime&hl=en&gl=uk,CBeebies Storytime: Read,"The CBeebies Storytime app is filled with free interactive storybooks to inspire a love of reading in kids. The children‚Äôs stories in the app promote CBeebies‚Äô core values, with themes of inclusivity, sharing, friendship and more. There are two readi...",1000000,4.11
4,Literacy - English / Reading and Stories,https://play-lh.googleusercontent.com/FBZeQymDd5-qwX0Q3J1iJCypbjED7tLAdTMZ2vmoUrTcml6RSPp5vTkA_oErGDtx8EiD,https://play.google.com/store/apps/details?id=com.earlystart.android.monkeyjunior.story&hl=en&gl=uk,Monkey Stories:Books & Reading,"Monkey Stories is an English language learning program which aims at helping children be conversant with English before the age of 10! (suitable for children of 2 - 10 years of age)

Designed by language experts in accordance with The Common Europe...",1000000,4.2
6,Literacy - English / Reading and Stories,https://play-lh.googleusercontent.com/9kghCVpDrn0lqfI5qtJ-CSddxqDvA7inLlvepceH7vXGHkV0aCRznS0pUx5nSsk8ZDk8,https://play.google.com/store/apps/details?id=com.trilobitesoft.kc.mi&hl=en&gl=uk,Bebebears: Stories and Learning games for kids,"Be be bears: üìö Stories and Learning games for kids are fun preschool learning games. These educational games for kids üë∂ help your child learn numbers üî¢, alphabet, and develop logical thinking. Learning numbers for kids is very easy with our üé® colorin...",1000000,n/a
8,Literacy - English / Reading and Stories,https://play-lh.googleusercontent.com/UbqJJIdj95IPch5q60yXDgI74_OCoytV1R_2dbu6yKZ4XRH3GgCukfUNJVgtuMsWfQ,https://play.google.com/store/apps/details?id=ro.heykids.povesti.desene.app&hl=en&gl=uk,Bedtime Stories and Fairy Tales for Kids - HeyKids,"Enjoy an amazing collection of bedtimes stories for children!

Our app is designed for curious little babies, toddlers, and preschoolers! Your child will enjoy lovely 3D animated fairy tales videos that will help them unleash their imagination and ...",1000000,n/a
0,Literacy - non-English,https://play-lh.googleusercontent.com/6dHCp3rIUwrmv1aplSJdZGJWH-zo20obi-CaDZ-9y1srmZu7x7xL9a_JgTxD4j7HwZ6-,https://play.google.com/store/apps/details?id=al.trigonom.writelettersAE&hl=en&gl=uk,Learn to Write Arabic Alphabet,"This educational app brings the Arabic alphabet to life, with the ability to draw the letters out by hand using the colors your children want to use.

For many kids, simply reading and writing isn‚Äôt enough to help them learn. They need to develop a...",10000000,3.57
2,Literacy - non-English,https://play-lh.googleusercontent.com/6AqH8V3ZgicIFgwd0hTfC429Wr4_sSMuFPo93NyTTqqgzx54GuFaRG_stsStp97_drI,https://play.google.com/store/apps/details?id=com.rks.preschoolbengali&hl=en&gl=uk,‡¶õ‡ßã‡¶ü‡¶¶‡ßá‡¶∞ ‡¶¨‡¶æ‡¶Ç‡¶≤‡¶æ ‡¶∂‡ßá‡¶ñ‡¶æ - Bangla Kids Learning App,"""‡¶õ‡ßã‡¶ü‡¶¶‡ßá‡¶∞ ‡¶¨‡¶æ‡¶Ç‡¶≤‡¶æ ‡¶∂‡ßá‡¶ñ‡¶æ "" app will help you to learn Most popular Bangla language. Bengali language is native language to present day Bangladesh and the Indian state of West Bengal . This app also help to learn english stock of word . It has good content ...",1000000,n/a
4,Literacy - non-English,https://play-lh.googleusercontent.com/xNgJBzUt54Xh-FdtA9InTZWjdpOdC9ahz_BpUECZ5HdibRCWynOTza5e4nRYAT0XhA,https://play.google.com/store/apps/details?id=air.ArabicAlphabet.Ar1&hl=en&gl=uk,ÿ™ÿπŸÑŸäŸÖ ÿßŸÑÿ≠ÿ±ŸàŸÅ ÿßŸÑÿπÿ±ÿ®Ÿäÿ© - ÿ£ ÿ® ÿ™,"ÿ≠ÿ±ŸàŸÅ ÿßŸÑŸáÿ¨ÿßÿ°
ÿß - ÿ® - ÿ™ - ÿ´ - ÿ¨ - ÿ≠ -ÿÆ ...
ŸÑŸÉŸÑ ÿ≠ÿ±ŸÅ ÿµŸàÿ±ÿ© ŸÖÿπ ÿßŸÑŸÜÿ∑ŸÇ ŸÑÿ≠ŸäŸàÿßŸÜ ŸàŸÜÿ®ÿßÿ™ Ÿàÿ¨ŸÖÿßÿØ
ÿßŸÑÿ≠ÿ±ŸÅ ÿßŸàŸÑ ÿßŸÑŸÉŸÑŸÖÿ©  Ÿàÿ≥ÿ∑ ÿßŸÑŸÉŸÑŸÖÿ© ÿßÿÆÿ± ÿßŸÑŸÉŸÑŸÖÿ©
Ÿäÿ≠ÿ™ŸàŸä ÿßŸÑÿ™ÿ∑ÿ®ŸäŸÇ ÿ£Ÿäÿ∂ÿß
ÿßÿ¥ŸÉÿßŸÑ ÿßŸÑÿ≠ÿ±ŸàŸÅ
ÿ≠ÿ±ŸÉÿßÿ™ ÿßŸÑÿ≠ÿ±ŸàŸÅ
ÿ™ÿπÿ±ŸÅ ÿπŸÑŸâ ÿßŸÑÿ≠ÿ±ŸàŸÅ ÿßŸÑÿπÿ±ÿ®Ÿäÿ© ÿßŸÑŸáÿ¨ÿßÿ¶Ÿäÿ© ÿ®ÿßŸÑÿµŸàÿ™ ŸàÿßŸÑÿµŸàÿ±ÿ©
Ÿäÿ≠ÿ™ŸàŸä ÿßŸÑÿ™ÿ∑ÿ®ŸäŸÇ ÿ£Ÿäÿ∂ÿß
ŸÉÿ™ÿßÿ®ÿ© ...",1000000,4.11
6,Literacy - non-English,https://play-lh.googleusercontent.com/4KVbe5iTZSjtWYQUaD-MGHYQflTtHPuSb6pRg54R94xiSUzHFFW32ZlX9Eg1p83tYsk,https://play.google.com/store/apps/details?id=com.katkuti.learn.arabic&hl=en&gl=uk,Learning Arabic With KATKUTI -alphabets read write,"To get more content - subscribe to our channel :
https://goo.gl/6B7xn5

A great app for teaching your children not only the Arabic alphabets, but also to read and write basic words.

With the free ""Learn Letters"" in the app menu, your child will...",1000000,4.8
8,Literacy - non-English,https://play-lh.googleusercontent.com/UakbmynCVcsf49juTcFN8zVoSQIQlWg_dYd1gls9vlYLO6JGes-rraOPgkSBPMD1uw,https://play.google.com/store/apps/details?id=com.holidayeducationist.arafa&hl=en&gl=uk,ABC Alphabets Learning Preschool Kids ( Arabic ),"Study reveals that children grasp information about colors, shapes, words, sounds and various other information long before they start to speak.

Basic Arabic Alphabet Flashcards is a beautiful and colorful App, containing ideal amount of undistra...",1000000,n/a
0,Numeracy development,https://play-lh.googleusercontent.com/NXJdwPiM5dLKF48LV9QMEpYXz5WOz5PU2oh_BzchyylUZf7zgp_0VDYtuHYk4aT4azw,https://play.google.com/store/apps/details?id=com.rvappstudios.math.kids.counting&hl=en&gl=uk,Math Kids: Math Games For Kids,"It's never too early to start your child's education. Preschoolers, kindergarteners, toddlers, and older kids are eager to learn their ABCs, counting, addition, subtraction, and more! The best way to encourage that is to share smart, well-made educat...",10000000,3.97
2,Numeracy development,https://play-lh.googleusercontent.com/uvE-ZPHeDAoud1uBHa1Jadvm-3vONemv6rsCMPY9OCmKobB2r1DXYl83-wMw_Lkuduo,https://play.google.com/store/apps/details?id=com.rvappstudios.kids.multiplication.games.multiply.math&hl=en&gl=uk,Kids Multiplication Math Games,"Free educational flash cards, multiplication games, math puzzles, and learning games for kids. Everything your child needs to start their early education is here in a fun, colorful, and free kids game!

The best way to learn multiplication tables a...",10000000,3.97
4,Numeracy development,https://play-lh.googleusercontent.com/DdMhaIMHafRqPd90uTb04ifEmJwuW-HBRg2Pl44OWCU6LXlymy8DWx-iDp7QXIUNCw,https://play.google.com/store/apps/details?id=biz.arrowstar.funnyfood3&hl=en&gl=uk,Funny Food 123! Kids Number Games for Toddlers,"Counting and early educational mathematics for the smallest kids. Funny game, that will help your toddler to learn numbers - that‚Äôs all you need.Make sure that your baby will be interested in studying after playing our game. ü§ì

üòç By playing with fu...",10000000,4.16
6,Numeracy development,https://play-lh.googleusercontent.com/I8cWpTQ72gPV9H6iC2TNVZlHWrfo-l4ez8aSB2KqzH3w9G0Y07AWPJc7V0IWJU1FRi-I,https://play.google.com/store/apps/details?id=com.gokids.livenumbers&hl=en&gl=uk,Numbers for kid Learn to count,"Educational games for children are the most popular way to study nowadays and our apps will help kids with their preschool education.
 Numbers for kids - learn to count 123 kids math games. An educational game for kids with numbers which toddlers tr...",10000000,3.82
8,Numeracy development,https://play-lh.googleusercontent.com/D6v2E73RAmMCkMb98rcT6fCzTUjuB479AYzhgptPu47KNaNnRrAUUIS7IKEB8NzS_6Y,https://play.google.com/store/apps/details?id=vn.edugames.number.counting&hl=en&gl=uk,123 number games for kids - Count & Tracing,"A Fun and intuitive numbers game for your baby or toddler!
Children will enjoy learning numbers with the words spelled out through a fun educational game. Learning numbers and their pronunciation is easy and entertaining and your child will love it ...",5000000,3.68
0,Learning play,https://play-lh.googleusercontent.com/K-3jYCpk5WEFusk2ccJpOgrz9Tpl7dAJGR-7fhjwlbPX4juJ-PdNNg7lg_X0pRwRCwJc,https://play.google.com/store/apps/details?id=com.edujoy.masha.games&hl=en&gl=uk,Masha and the Bear. Educational Games,"Discover the fantastic world of Masha and the bear through these 30 educational games. You will love it! The educational games of Masha and the bear are aimed at children up to 6 years old.

This game is based on the characters of the popular serie...",100000000,3.83
2,Learning play,https://play-lh.googleusercontent.com/BFC3nbKlwiIyglf9uHU_AlHkOFp0cHH1e1VTBHOcJuAD7c6DCSEHMyg8fighgo0Ycpc,https://play.google.com/store/apps/details?id=com.pjmasks.heroacademy&hl=en&gl=uk,PJ Masks‚Ñ¢: Hero Academy,"It‚Äôs time for you to take control of the PJ Masks‚Äô epic adventures!  Hero Academy teaches STEAM (science, technology, engineering, art and maths) learning through the fundamentals of coding, standing apart from other learning apps with its fun and ex...",10000000,3.92
4,Learning play,https://play-lh.googleusercontent.com/O4XbcESYczPA2zYZ_SpI5nD68IZcPx3dz0fNQO-N1WKLpPq9lQit-AGW4d3V7oDZAhEP,https://play.google.com/store/apps/details?id=mobi.abcmouse.academy_goo&hl=en&gl=uk,ABCmouse.com,"Math and Reading for Kids 2‚Äì8

ABCmouse is the award-winning learning program that covers reading, math, art, music, and more for kids ages 2 to 8. Created by teachers and education experts, it has 10,000+ exciting Learning Activities for children ...",10000000,3.04
6,Learning play,https://play-lh.googleusercontent.com/oXElAQE2gy-A7Th9zavfT7bxy7CpX7PgIFguu0_MFK1UxIsRXOc2u0gZUjZbK0gTOLo,https://play.google.com/store/apps/details?id=com.rvappstudios.shapes.colors.toddler&hl=en&gl=uk,Color Kids: Coloring Games,"When you look out the window, what do you see? Colors and shapes, green trees, square windows, a whole world of things to identify! Colors and Shapes is a fun and educational game for preschool children that helps teach object matching and color reco...",10000000,4.41
8,Learning play,https://play-lh.googleusercontent.com/n_o46aB8NJ3pY69L5J7iPgPyUcGiKK_2MTvBehhuNL63R52WH5UkXg3XsnY6TWFgFESZ,https://play.google.com/store/apps/details?id=se.appfamily.balloonpopfree&hl=en&gl=uk,Kids Balloon Pop Game,"A classic balloon popping game for kids, with colorful graphics, cute animals and various backgrounds! Learn English, or practice vocabulary in 10 different languages! You can even adjust the speed and size of the balloons your baby or child's skill ...",10000000,4.38
0,General play,https://play-lh.googleusercontent.com/VLBvdAOZsjp5jamrbV8JkDBSIeXx_mk7mBVkpvd4LaQWQXsomGqUj2ojsxkVWR3Ns8Q,https://play.google.com/store/apps/details?id=com.YovoGames.dentist&hl=en&gl=uk,Children's doctor : dentist.,"Children's doctor - we all love when people around us smile. We become well and happy when someone on the street gives us a smile. But for a smile to be beautiful, you need to take good care of your teeth. This applies to your pets, because in childh...",100000000,3.72
2,General play,https://play-lh.googleusercontent.com/yqNVENQS0MT0-G3im6mObcZcVfF18O_euQQYHSjHNbk2ioUKAsmTJSgZJFIw769bkg,https://play.google.com/store/apps/details?id=com.sinyee.babybus.shopping&hl=en&gl=uk,Baby Panda's Supermarket,"The popular Baby Panda's Supermarket has been updated! All hot items are available for you to shop! There are also fun DIY and role-playing events. Please come and enjoy!

SHOPPING AT THE SUPERMARKET
Fruits , vegetables, drinks, toys, clothing......",100000000,3.78
4,General play,https://play-lh.googleusercontent.com/FafD4vlzxogAHYu3KaNuQ0mlKY0FIm11SqAXrqOIPPWsPMhTZUJ6LwuBJktMU_JT0_w,https://play.google.com/store/apps/details?id=com.orange.kidspiano.music.songs&hl=en&gl=uk,Piano Kids - Music & Songs,"Piano Kids ‚Äì Music & Songs is a great fun music box created especially for kids and parents to learn to
play musical instruments, wonderful songs, exploring different sounds and develop musical skills.

Use your fingers to play colorful instrume...",100000000,4.3
6,General play,https://play-lh.googleusercontent.com/FR3P0M93TSJiX4DWh_u4TZlLTko94cRzZ82ltubU6qMLKxz7Iy3vV9iqZW8j50zhH4YT,https://play.google.com/store/apps/details?id=com.gokids.transportbuilding&hl=en&gl=uk,Truck games - build a house,"Trucks for kids - build a house - building game where toddlers learn different types of trucks and how to build a house, arbor, mill and even swimming pool.

Jcb wala games for free not only games for boys, but also for girls. If your kids are fond...",100000000,4.06
8,General play,https://play-lh.googleusercontent.com/JtPe7lx0N_DKkxosOn6onML7pjWoxjmK0VIReQVY2dKWdGnSr7DZAH1oI6P4Dcl41_Ia,https://play.google.com/store/apps/details?id=com.sinyee.babybus.career&hl=en&gl=uk,Baby Panda's Town: Life,"Welcome! Here is the good news: Baby Panda's Town has taken on a new look! Come and visit the new town. Play 6 different roles and experience different professions!

DESIGN
Do you want to be a costume designer? Come to the town and make your drea...",50000000,3.66
